article,section
"Rajasthan CM Oath Ceremony Live: Diya Kumari, Bairwa take oath as deputy CMs",Home
Supreme Court adjourns expelled Lok Sabha MP Mahua Moitra's plea till January 3,Home
Supreme Court to hear Nikhil Gupta's plea in Pannun assassination plot on Jan 4,Home
Parliament security breach accused Lalit Jha told kin about Delhi travel plan,Home
"Sensex crosses historic 71,000 mark for the first time",Home
India red flags Colombo and Male over inbound Chinese survey vessel,Home
Suryakumar Yadav’s injury update after horrible ankle twist gives India scare,Home
"Fighter song Sher Khul Gaye: Hrithik, Deepika party number is a certified banger",Home
"India denied Miller wicket, SA channel SuperSport slammed as DRS stops working",Home
Warner's wife Candice shushes Mitchell Johnson after husband's sparkling century,Home
2024 Long Weekends: Best places to travel in India on your long weekends in 2024,Home
Watch: Dravid frustrated as Gill pays the price for Jaiswal's wrong DRS judgment,Home
"‘Virat, Rohit have…’: Harbhajan answers burning question on future of IND stars",Home
Suryakumar Yadav’s injury update after horrible ankle twist gives India scare,Home
"India denied Miller wicket, SA channel SuperSport slammed as DRS stops working",Home
"Nicki Minaj spars with Kanye West over New Body collab split, ‘the train has left..’",Home
Shreyas Talpade's wife reveals when he will be discharged; thanks doctors,Home
BTS' Jungkook and Usher drop explosive Standing Next to You performance video,Home
Allu Arjun turns down these brand placements for Pushpa The Rule: Report,Home
"Monkeys ignore woman offering them food, she calls it ‘cutest insult’",Home
"Man 'unintentionally breaks' Swiggy's app, 6 delivery agents show up at his home",Home
Swiggy reveals Mumbai customer ordered food worth ₹42.3 lakh,Home
Viral brain teaser: This puzzle will put your common sense to the test,Home
"Rajasthan CM Oath Ceremony Live: Diya Kumari, Bairwa take oath as deputy CMs",Home
Supreme Court to hear Nikhil Gupta's plea in Pannun assassination plot on Jan 4,Home
"Parliament security breach: Gurugram cab driver hosted accused but did not know of plan, say police",Home
"Parliament LIVE: LS, RS adjourned as Oppn demand discussion on security breach",Home
2024 Long Weekends: Best places to travel in India on your long weekends in 2024,Home
HT City Delhi Junction: Catch it live on December 15,Home
Shanaya Kapoor in Rahul Mishra lehenga serves the perfect bridesmaid look,Home
"Mouni Roy stuns in mini dress, Disha Patani in corset and denim shorts at event",Home
RBI Assistant Prelims Result 2023 Live: Latest updates on preliminary results,Home
"UGC NET December 2023 exam ends tomorrow, answer key next",Home
UPSSSC recruitment 2023: 283 Nakshanveesh/ Manchitrak posts notified,Home
"IIT Kanpur alumnus donates $200,000 to alma mater for ‘innovation & excellence’",Home
Bhajan Lal Sharma takes oath as Rajasthan's new chief minister,Latest News
Kaalkoot actor Gopal Datt: I love the thrill of performing for live audience,Latest News
Who is Rajasthan CM Bhajan Lal Sharma? Know about deputy CMs,Latest News
"Ghazal Alagh joins paid period leave debate, suggests ‘better solution’",Latest News
When sporting passion turns to addiction,Latest News
Afternoon brief: Delhi records below 5 degrees first time this season,Latest News
Top 8 CrossBeats smartwatch vs. other brands: The new era of smart wearables,Latest News
"Much more confident about my craft today, says the Last Color actor Neeha Garg",Latest News
"Zuckerberg’s secret Hawaii project, a $100M compound with a doomsday bunker",Latest News
2024 Long Weekends: Best places to travel in India on your long weekends in 2024,Latest News
Supreme Court adjourns expelled Lok Sabha MP Mahua Moitra's plea till January 3,Latest News
UPSC combined geo-scientist prelims exam 2404 schedule released,Latest News
"10 best TVs under ₹15,000: Most affordable picks",Latest News
Tata Motors EVs available at year-end discounts of up to ₹2.6 lakh. Details,Latest News
Choosing the Perfect Designer Saree for Every Occasion,Latest News
Close shave for passengers as bus catches fire in Karnataka,Latest News
"Jamal takes six wickets on debut, Australia bowled out for 487 in its 1st innings against Pakistan",Latest News
Retik Finance (RETIK) and Solana (SOL) in the Crypto Market 2023-24,Latest News
Watch What Happened When Putin Met His AI Double | 'Only One Person Like Me...',Latest News
Which are the Diverse Spin the Wheel Applications on BravoWheel?,Latest News
Biden Warns Netanyahu As IDF Changes Combat Methods In Gaza | ‘Sinwar's Days…’,Latest News
Kohler Engines Extends Bharat Stage V Certification for KDI Engine Family,Latest News
AlmaBetter’s First Batch of Master's in Data Science Achieves 95% Placement,Latest News
Is Maldives the New Style Statement?,Latest News
Is It Safe to Use Baby Face Cream? A Parent's Guide to Choosing the Right Product,Latest News
Parliament security breach accused Lalit Jha told kin about Delhi travel plan,Latest News
Allu Arjun turns down these brand placements for Pushpa The Rule: Report,Latest News
"Monkeys ignore woman offering them food, she calls it ‘cutest insult’",Latest News
Netizens react to Kourtney Kardashian’s new ‘edgy’ look since marrying Travis,Latest News
‘Current Indian cricketers have been told not to pick Dhoni’s jersey No.7',Cricket
Surya's fourth T20I ton sets up easy victory for India,Cricket
Watch: Dravid frustrated as Gill pays the price for Jaiswal's wrong DRS judgment,Cricket
Suryakumar Yadav’s injury update after horrible ankle twist gives India scare,Cricket
Brandon King's 82 powers West Indies to T20 victory over England,Cricket
Kuldeep creates records on birthday but considers Surya's 'gift' greater,Cricket
"Jamal takes six wickets on debut, Australia bowled out for 487 in its 1st innings against Pakistan",Cricket
Zimbabwe vs Ireland Live Score: Zimbabwe score after 9 overs is 25/4,Cricket
"Botswana vs Sierra Leone Live Score: Match 7 of Africa Cricket Association T20I Cup, 2023 to start at 12:30 PM",Cricket
"Marsh's 90-run knock helps Australia to near 500 runs against Pakistan in first session (Day 2, Lunch)",Cricket
Warner's wife Candice shushes Mitchell Johnson after husband's sparkling century,Cricket
"‘Virat, Rohit have…’: Harbhajan answers burning question on future of IND stars",Cricket
SLC appoints Sanath Jayasuriya as Cricket Consultant for one year,Cricket
New Zealand Women vs Pakistan Women Live Score: It’s a Wicket. Molly Penfold is out,Cricket
Sort out the pace battery and KKR should be up and running,Cricket
"SKY tsunami: Suryakumar Yadav joins Rohit, Maxwell with record-equalling century",Cricket
West Indies vs England Live Score: West Indies beat England by 10 runs,Cricket
IND vs SA: Gambhir questions Bishnoi's ouster with 'Player of the Series' dig,Cricket
"Debutants Shubha, Jemimah put India in strong position",Cricket
"IPL auction: CSK eye replacements for Ben Stokes, Ambati Rayudu",Cricket
Shami in serious doubt for South Africa series; Kohli to join squad soon: Report,Cricket
Watch: Broadcaster's major blunder as Harmanpreet Kaur falls to freak run out,Cricket
"David Warner kickstarts farewell series with century, goes past two Aussie legends",Cricket
De Villiers' honest take about T20I future of Rohit and Kohli: ‘Do they have…’,Cricket
"Zero pace, sitters dropped and Warner carnage cap off a day of goof-ups for PAK",Cricket
India vs South Africa 3rd T20 Highlights: IND thrash SA by 106 runs,Cricket
Uganda Women vs Nigeria Women Live Score: Uganda Women beat Nigeria Women by 6 wickets,Cricket
"UPSSSC PET Result 2023 Live: Updates on UP PET result, final answer key",Education
RBI Assistant Prelims Result 2023 Live: Latest updates on preliminary results,Education
"AP SSC Board Exam 2024 timetable: BSEAP Class 10th datesheet out, link here",Education
"AP SSC Board Exam 2024 timetable: BSEAP Class 10th datesheet out, link here",Education
"AP Inter Board Exam 2024 Datesheet: BIEAP 1st, 2nd year timetable released",Education
"Mizoram Board Exam 2024 date sheet: MBSE HSLC, HSSLC timetables released",Education
UPSC combined geo-scientist prelims exam 2404 schedule released,Education
"BPSC School Teacher 2023 Exam Day 6: Shift begins at noon, students reach centres",Education
JEE Mains 2024: Essential preparation tips for JEE Mains aspirants,Education
Focus on the fundamentals of Edtech sector for an inclusive and enduring future,Education
Orchids The International School launches lab-based education hubs,Education
"Genuine students needn’t worry about Australia's migration strategy, experts say",Education
"Odisha Fireman and Fireman Driver Result 2023 out, link here",Education
"AILET result 2024 out on nationallawuniversitydelhi.in, direct link here",Education
"UPSC CMS Result 2023: Marks of recommended candidates out, links here",Education
UPSSSC recruitment 2023: 283 Nakshanveesh/ Manchitrak posts notified,Education
"West Central Railway to recruit for 3015 Apprentice posts, details here",Education
"NHM, Assam Staff Nurse Recruitment 2023: Apply for 400 posts at nhm.assam.gov.in",Education
AILET 2023 Counselling: Registration for LLM and LLB (Hons.) begins today,Education
"IGNOU Entrance Test 2024: Registration for B.Ed, B.Sc & Ph.D begins, links here",Education
"NEET SS 2023 Counselling: Round 2 schedule revised, registration begin on Dec 18",Education
,Education
,Education
,Education
,Education
,Education
,Education
,Education
,Education
,Education
,Education
,Education
,Education
,Education
,Education
,Education
,Education
,Education
,Education
,Education
,Education
,Education
,Education
,Education
JEE Mains 2024: All you need to know about the examination pattern in detail,Education
"JEE Advanced 2024: Exam date released, registration begins on April 21 at jeeadv.ac.in",Education
Education Ministry revamps JEE Apex Board,Education
"Genuine students needn’t worry about Australia's migration strategy, experts say",Education
Study abroad: Change in UK’s international students’ dependent policy explained,Education
Sheffield University Management School to offer scholarships for MBA students,Education
"Swami Keshvanand Institute of Technology, Management and Gramothan",Education
"Manav Rachna: Creating a Global Hub of Knowledge, Innovation, Research and Entrepreneurship",Education
NEET & JEE Results 2023 - Students of Aakash deliver top ranks,Education
UPSSSC recruitment 2023: 283 Nakshanveesh/ Manchitrak posts notified,Education
"IIT Kanpur alumnus donates $200,000 to alma mater for ‘innovation & excellence’",Education
"XAT 2024 sees a surge in applications, 135,000 registrations received this year",Education
Kotak Mahindra Bank partners with IITK to launch Kotak School of Sustainability,Education
UPSC combined geo-scientist prelims exam 2404 schedule released,Education
"BPSC School Teacher 2023 Exam Day 6: Shift begins at noon, students reach centres",Education
Focus on the fundamentals of Edtech sector for an inclusive and enduring future,Education
Orchids The International School launches lab-based education hubs,Education
JEE Mains 2024: Essential preparation tips for JEE Mains aspirants,Education
"BPSC School Teacher Answer Key 2023 for December 14 exam out, download link here",Education
Vocabulary Made Easy series: Guide to crack competitive exams,Education
FMGE December 2023: Edit window to open today at natboard.edu.in,Education
"West Central Railway to recruit for 3015 Apprentice posts, details here",Education
Bhajan Lal Sharma takes oath as Rajasthan's new chief minister,India
Who is Rajasthan CM Bhajan Lal Sharma? Know about deputy CMs,India
Afternoon brief: Delhi records below 5 degrees first time this season,India
Supreme Court adjourns expelled Lok Sabha MP Mahua Moitra's plea till January 3,India
Parliament security breach accused Lalit Jha told kin about Delhi travel plan,India
Are KCR’s dreams of a national foray shattered?,India
Supreme Court to hear Nikhil Gupta's plea in Pannun assassination plot on Jan 4,India
"""I seek forgiveness for the heinous act of sacrilege of Sri Guru Granth Sahib"": Sukhbir Singh Badal apologises for 2015 sacrilege incidents",India
Parliament security breach: Two more people detained for questioning,India
Supreme Court says being nominee in a share doesn't grant inheritance rights,India
Morning brief: What LS breach accused wrote in diary,India
India red flags Colombo and Male over inbound Chinese survey vessel,India
Key Supreme Court hearing in TMC's Mahua Moitra case today. Details,India
"After fossil fuel deal, experts see challenging road ahead",India
"5 members of family, including 3 children, found dead in Rajasthan's Bikaner",India
"Rajasthan CM Oath Ceremony Live: Diya Kumari, Bairwa take oath as deputy CMs",India
Nijjar killing: What Amit Shah said after Justin Trudeau's fresh statement,India
"Parliament LIVE: LS, RS adjourned as Oppn demand discussion on security breach",India
Bhajan Lal Sharma to take oath as Rajasthan CM today; PM Modi to attend ceremony,India
"How Delhi Police arrested Lalit Jha, Parliament security breach ‘mastermind’?",India
Supreme Court suspends Ansari’s conviction,India
Kerala court acquits man in 5-yr-old’s rape-murder case,India
Parliament security breach: Karnataka Speaker urges MLAs to scrutinize visitors,India
Contractors’ union asks Karnataka govt to clear bills pending since 2021,India
ED attached properties worth over ₹69k crore in past four years: Govt,India
"Andhra polls to be a battle between people, dictator: Naidu",India
"Can’t club punishments to disqualify lawmakers, says Supreme Court",India
Actor-politician Vijayakanth to lead his party,India
Prince Harry's phone hacking lawsuit verdict against UK tabloid group today,World
"British teen, who went missing 6 years ago in Spain, found. Who is Alex Batty?",World
Black child sentenced to three months of probation for urinating in public,World
Putin vs Putin: When Russian president contronted ‘AI double’. Watch video,World
What are the loopholes in the COP28 climate deal?,World
Former US Navy pilot Michael Cassidy beheads ‘Satanic’ statue in Iowa Capitol,World
How the world agreed to move away from fossil fuels at COP28,World
US pushes for 'more precise' military operations in Gaza to save civilians,World
"Revamped Palestinian Authority should govern Gaza, West Bank: Senior US official",World
Putin says Russia is in dialogue with the US on exchanging jailed Americans,World
Israel speaks against two-state solution ahead of meeting with US security chief,World
US wants Israel-Hamas war to end 'as soon as possible',World
European Union agrees to open membership negotiations with Ukraine,World
Explained | Why quick Ukraine membership would be a challenge for EU,World
Israel strikes length of Gaza as US presses for more accurate targeting,World
Donald Trump loses challenge to gag order in New York civil fraud case,World
"Denmark, Germany announce arrests of terror suspects, including Hamas members",World
"Rights expert blasts Italy's handling of gender-based violence, discrimination",World
Iraq links some US embassy attackers to security services,World
Putin says there will be no peace in Ukraine until Russia's goals are met,World
Ukraine's Zelenskyy hails 'victory' after EU decision to open accession talks,World
Indian govt urged to aid H1-B dependents & H-4 holders in domestic visa renewal,World
"8 hour queues, camps in freezing cold; Idaho's first In-N-Out store leads to joy",World
Jill Biden's ‘Hunger Games’ themed White House Christmas termed ‘tacky’,World
GOP calls to ‘defund Harvard’ and strip it off tax breaks & federal funds,World
"Biden won’t come in Jan, remains fully committed to India partnership: Sullivan",World
Israel says Denmark exposed ‘Hamas infrastructure’ on European soil,World
Food trucks being intercepted as hunger grows in Gaza amid war: UN,World
"Pakistan People's Party to field Bilawal Bhutto for PM, Zardari for president",World
Close shave for passengers as bus catches fire in Karnataka,Cities
"Six years on, Mohali police arrest Punjabi singer Navjot Singh’s killers",Cities
"Mandaviya inaugurates CGHS Wellness Centres in NITRD, Delhi",Cities
Lok Sabha adjourned till 2 pm,Cities
"Tusker found dead in Karnataka agricultural field, electrocution suspected",Cities
Mercury plunges to season’s lowest 4.9°C as shallow fog envelopes Delhi,Cities
Several areas in Bengaluru to witness power cuts this weekend; Check areas,Cities
"BJP takes note of 3 legislators attending Cong dinner, to seek explanation",Cities
Bhajan Lal Sharma to take oath as Rajasthan CM today; PM Modi to attend ceremony,Cities
"Chandigarh: Jaibir, Raza emerge as golf champions in CGC golf tourney",Cities
Punjab skaters dominate at 61st National Roller Skating Championship,Cities
5 heritage items from Chandigarh auctioned for ₹75 lakh in US,Cities
Chandigarh: HC stays DBA Mohali elections,Cities
Chandigarh: E-auction of fancy vehicle numbers from December 20,Cities
Mohali: Two caught with 50 gm heroin near Balongi,Cities
"Install fire fighting system at Sector-27 old-age home in 2 days, Pannchkula MC chief directs officials",Cities
"Chandigarh: Sacked SI complains of hearing trouble, court orders ENT test",Cities
Chandigarh emerges on the top in State Energy Efficiency Index 2023,Cities
Ambala jail inmate escapes police custody in Chandigarh,Cities
"Bizman alleges threat: Chandigarh court issues notice to MP Kirron Kher, her aide, police",Cities
Mohali: Constable among two held for extorting money from scrap dealer,Cities
CTU bus claims 45-year-old biker’s life in Chandimandir,Cities
Mohali: GMADA sleeping on garbage taking over roads,Cities
Chandigarh falling short in solar power generation goal,Cities
Parliament security breach: Haryana farmer leaders extend support to Jind-based accused,Cities
Three-day Haryana assembly session starts December 15,Cities
Haryana to enact law to regulate immigration agents: Home minister Anil Vij,Cities
MDU asks advocate to return scholarship to get PhD degree,Cities
"8 toll plazas closed, 210 colonies regularised: Haryana CM Manohar Lal Khattar",Cities
"Nicki Minaj spars with Kanye West over New Body collab split, ‘the train has left..’",Entertainment
Shreyas Talpade's wife reveals when he will be discharged; thanks doctors,Entertainment
Allu Arjun turns down these brand placements for Pushpa The Rule: Report,Entertainment
Netizens react to Kourtney Kardashian’s new ‘edgy’ look since marrying Travis,Entertainment
"Fighter song Sher Khul Gaye: Hrithik, Deepika party number is a certified banger",Entertainment
BTS' Jungkook and Usher drop explosive Standing Next to You performance video,Entertainment
Selena Gomez kisses boyfriend Benny Blanco; shares pics of 'favourite moments',Entertainment
Oh My Baby from Mahesh's Guntur Kaaram criticised by fans; Ramajogayya reacts,Entertainment
Bill Gates spotted dancing to Timberlake's song with new girlfriend Paula Hurd,Entertainment
Priyanka Chopra's mom 'still feels guilty' about sending her to boarding school,Entertainment
Bobby Deol calls Abrar from Animal romantic: ‘He has three wives’,Entertainment
Babymonster's BATTER UP sets record as fastest K-Pop debut MV ever,Entertainment
Sunny Deol reviews Animal: ‘There are certain things that I did not like’,Entertainment
Bigg Boss 17: Has Khanzaadi been eliminated? Twitter calls it 'unfair',Entertainment
Janhvi Kapoor reveals why she would stop Sridevi from coming to Dhadak shoot,Entertainment
Brazilian gospel singer Pedro Henrique dies during live performance,Entertainment
Nicki Minaj rants over Billboard slashing Pink Friday 2 sales,Entertainment
Sofia Coppola interview: ‘I wanted to tell Priscilla’s story without judgement',Entertainment
Kartik Subbaraj is overjoyed as Clint Eastwood promises to watch Jigarthanda 2,Entertainment
"Netflix confirms Squid Game video game, teams up with GTA and Money Heist",Entertainment
Deepika Padukone spotted at Tirumala temple with sister Anisha. Watch,Entertainment
Olivia Rodrigo and Louis Partridge lock lips in steamy NYC make out,Entertainment
"The Crown Season 6 Part 2 review: Take a bow, Imelda Staunton",Entertainment
Will Nicki Minaj’s Pink Friday 2 sit as Billboard 200's No 1?,Entertainment
"Taylor Swift celebrates birthday with Sabrina Carpenter, Blake, Gigi. See",Entertainment
"Actor Shreyas Talpade suffers heart attack, undergoes angioplasty",Entertainment
Animal box office collection day 14: Ranbir film may mint just ₹7.6 cr,Entertainment
Ryan Reynolds and Steve Carell join hands for John Krasinski's movie ‘IF’,Entertainment
"Mukti Mohan, Kunal Thakur wedding: AR Rahman, Kapil Sharma, Ayushmann attend",Entertainment
2024 Long Weekends: Best places to travel in India on your long weekends in 2024,Lifestyle
HT City Delhi Junction: Catch it live on December 15,Lifestyle
Shanaya Kapoor in Rahul Mishra lehenga serves the perfect bridesmaid look,Lifestyle
"Mouni Roy stuns in mini dress, Disha Patani in corset and denim shorts at event",Lifestyle
Influenza to pneumonia: 5 common winter illnesses; how to prevent,Lifestyle
"Horoscope Today: Astrological prediction for December 15, 2023",Lifestyle
Listicle: 10 comedies that prove that women can make you laugh the hardest,Lifestyle
Get to know... Suhani Shah,Lifestyle
Rude Food by Vir Sanghvi: Zorawar Kalra’s modern-Indian empire,Lifestyle
"Spectator by Seema Goswami: Hilltop holiday? Beach, please",Lifestyle
"Decoding dating today: What’s OK, what’s not, in relationships now",Lifestyle
Remember Bombay Boys? Rewind 25 years with the OG Mumbhai gang,Lifestyle
Nepo-connection issues: Why famous parents aren’t always a win,Lifestyle
The Brunch round-up: The week and how it made us feel,Lifestyle
"Mumps outbreak: Worrying symptoms to watch out for, preventive tips",Lifestyle
WHO calls for ban on flavoured vapes; 6 ways e-cigarettes can damage health,Lifestyle
"How to prevent mouth ulcers in children, experts share tips",Lifestyle
Travel bonanza 2024: Kenya announces visa-free entry for all,Lifestyle
What should you do when you experience pain or symptoms of a cardiac arrest?,Lifestyle
South Africa takes a major step toward fixing work visa mess,Lifestyle
Hyderabad is the best Indian city to live in. Here's why,Lifestyle
5 quick tips to balance your macronutrients every day,Lifestyle
"Year ender 2023: Cardiac arrests trend in young adults, future warning signs",Lifestyle
Freezing winter ahead: Minimum number of steps you should walk to stay healthy,Lifestyle
"Iran Umrah pilgrims will travel to Saudi after 8 years, flights from 10 airports",Lifestyle
Australia tourist towns brace for flash floods as Cyclone Jasper tears through,Lifestyle
Year ender 2023: Leisure wardrobe fashion goals this year; style trends for 2024,Lifestyle
Living well with Arthritis: Strategies for a pain-free life,Lifestyle
Honey to citrus fruits; 5 foods to help you fight seasonal allergies,Lifestyle
"Pisces Daily Horoscope Today, December 15, 2023 predicts fruitful results soon",Astrology
"Love and Relationship Horoscope for December 15, 2023",Astrology
"Career Horoscope Today for Dec 15, 2023: Astro tips for fresh new opportunities",Astrology
"Horoscope Today: Astrological prediction for December 15, 2023",Astrology
"Aquarius Daily Horoscope Today, December 15, 2023 predicts abundant luck",Astrology
"Capricorn Daily Horoscope Today, December 15, 2023 predicts financial well-being",Astrology
"Sagittarius Daily Horoscope Today, Dec 15, 2023 expect these twists and turns",Astrology
"Scorpio Daily Horoscope Today, December 15, 2023 predicts chaos at work",Astrology
"Libra Daily Horoscope Today, December 15, 2023 predicts a promising outlook",Astrology
"Virgo Daily Horoscope Today, December 15, 2023 predicts an opportune time",Astrology
"Cancer Daily Horoscope Today, December 15, 2023 expect these new changes",Astrology
"Gemini Daily Horoscope Today, December 15, 2023 predicts sound health and wealth",Astrology
"Taurus Daily Horoscope Today, December 15, 2023 predicts a stable love life",Astrology
"Aries Daily Horoscope Today, December 15, 2023 predicts unforeseen situations",Astrology
How the rare Jupiter-Uranus Conjunction in 2024 affects your zodiac sign,Astrology
Last Day of the Year 12/31/23: Why this date is special for you,Astrology
"Weekly Panchang from December 15 – 21, 2023: Auspicious & Inauspicious Muhurats",Astrology
"Tarot Card Readings: Tarot daily prediction for December 14, 2023",Astrology
"Career Horoscope Today for Dec 14, 2023: These signs will receive good news so",Astrology
"Horoscope Today: Astrological prediction for December 14, 2023",Astrology
"Aquarius Daily Horoscope Today, December 14, 2023 predicts change in the air",Astrology
"Capricorn Daily Horoscope Today, December 14, 2023 predicts new projects at work",Astrology
"Sagittarius Daily Horoscope Today, December 14, 2023 predicts a positive change",Astrology
"Scorpio Daily Horoscope Today, December 14, 2023 predicts rewards soon",Astrology
"Libra Daily Horoscope Today, December 14, 2023 predicts a promotion at work",Astrology
India’s Gaza stance reflects global gloom,Editorials
"In terror strikes, a lesson for Pakistan",Editorials
A big deal in Dubai,Editorials
A law to keep AI under check,Editorials
"Bahujan to parivarjan, BSP’s transformation",Editorials
"For Kashmir, life after Article 370",Editorials
"Food, fuel, fodder: The maize challenge",Editorials
Politics beat process in Mahua Moitra case,Editorials
More bullish than dovish,Editorials
Funding the climate burden,Editorials
"Going West, to the African continent",Editorials
Politics in geography,Editorials
Thumbs up from the markets,Editorials
No time for another EVM conspiracy,Editorials
The case of delayed bail and trial,Editorials
"In Mizoram, a new politics",Editorials
The looming threat of urban floods,Editorials
Fresh hands for tired Congress,Editorials
Poll boost for BJP weakens Congress hand,Editorials
Political pointers in GDP numbers,Editorials
The pursuit of peace in troubled Manipur,Editorials
Lost in the plot about Pannun,Editorials
A Telangana lens for the Congress,Editorials
Happy ending and a call for caution,Editorials
The climate hide and seek,Editorials
Taking constitutional justice to the people,Editorials
The BJP’s pitch in Telangana,Editorials
Bihar’s quixotic battle against alcohol,Editorials
The proliferation of the far-Right in Europe,Editorials
